{
  "sensor_motion.aq2": {
    "nameJeedom": "Xiaomi Presence Aqara 2",
    "timeout": "60",
    "Categorie": {
      "security": "1"
    },
    "configuration": {
	"uniqId": "5c07c766264bf",
      "icone": "XiaomiInfraRouge2",
      "battery_type": "1x3V CR2032",
      "mainEP": "#EP#"
    },
    "Commandes": {
      "include1": "SW",
      "include2": "nom",
      "include3": "presence",
      "include4": "luminosite",
      "include5": "Batterie-Volt",
      "include6": "Batterie-Pourcent",
      "include7": "Xiaomi-ff01"
    }
  }
}