{
  "RWL021": {
    "nameJeedom": "Hue Telecommande RWL021",
    "Categorie": {
      "light": "1"
    },
    "configuration": {
      "uniqId": "5c07c76620b0e",
      "battery_type": "1x3V CR2032",
      "lastCommunicationTimeOut": "-1",
      "icone": "RWL021",
      "mainEP": "#EP#"
    },
    "Commandes": {
      "include1": "offGroup",
      "include2": "toggleGroup",
      "include3": "onGroup",
      "include4": "downGroup",
      "include5": "upGroup",
      "include6": "boutonStateRWL021",
      "include7": "BindToZigateButton",
      "include8 a tester": "Batterie-Pourcent-Ikea",
      "include9 a tester": "getBattery",
      "include10 a tester": "BindShortToZigateBatterie",
      "include11 a tester": "setReportBatterie"
    }
  }
}