{
  "TI0001": {
    "nameJeedom": "Livolo Switch TI0001",
    "Comment": "Reference: ",
    "Categorie": {
      "automatism": "1"
    },
    "configuration": {
      "uniqId": "5c07c76625baa",
      "icone": "TI0001",
      "mainEP": "#EP#",
      "defaultEP": "06"
    },
    "Commandes": {
      "include1": "nom",
      "include2": "societe",
      "include3": "SW",
      "include3 2": "location",
      "include21": "getManufacturerName",
      "include22": "getModelIdentifier",
      "include23": "getSWBuild",
      "include24": "Identify",
      "include24 2 2 2 2 2": "setLivoloOff2",
      "include24 2 2 2 2 2 3": "setLivoloOff",
      "include24 2 2 2 2 2 2": "setLivoloOn2",
      "include24 2 2 2 2 2 2 2": "setLivoloOn",
      "include4": "etatSwitchLivolo",
      "include8": "getEtat"
    }
  }
}