{
  "TRADFRItransformer30W": {
    "nameJeedom": "IKEA Ampoule TRADFRI transformer 30W",
    "timeout": "60",
    "Categorie": {
      "light": "1"
    },
    "configuration": {
	"uniqId": "5c07c766213c3",
      "icone": "TRADFRItransformer30W",
      "light": "1",
      "mainEP": "#EP#"
    },
    "Commandes": {
      "include1": "nom",
      "include2": "societe",
      "include3": "SW",
      "include4": "etatLight",
      "include5": "levelLight",
      "include8": "On",
      "include9": "Off",
      "include10": "Toggle",
      "include11": "setLevel",
      "include19": "getEtat",
      "include20": "getLevel",
      "include21": "getManufacturerName",
      "include22": "getModelIdentifier",
      "include23": "getSWBuild",
      "include24": "Identify",
      "include25": "Group-Membership",
      "include26": "BindToZigateEtat",
      "include27": "BindToZigateLevel",
      "include28": "setReportEtat",
      "include29": "setReportLevel"
    }
  }
}