{
  "volet": {
    "nameJeedom": "Volet ProFalux",
    "timeout": "60",
    "Categorie": {
      "automatism": "1"
    },
    "configuration": {
	"uniqId": "5c07c7662688a",
      "icone": "voletProFalux",
      "mainEP": "#EP#"
    },
    "Commandes": {
      "include1": "nom",
      "include2": "societe",
      "include3": "SW",
      "include4": "ZCLVersion",
      "include5": "dateCode",
      "include6": "location",
      "include7": "etatVolet",
      "include8": "levelVolet",
      "include9": "onVolet",
      "include10": "offVolet",
      "include11": "toggleVolet",
      "include12": "setLevelVolet",
      "include13": "levelVoletStop",
      "include19": "getEtat",
      "include20": "getLevel",
      "include21": "getManufacturerName",
      "include22": "getModelIdentifier",
      "include23": "getSWBuild",
      "include24": "Identify",
      "include25": "Group-Membership",
      "include26": "BindToZigateEtat",
      "include27": "BindToZigateLevel",
      "include28": "setReportEtat",
      "include29": "setReportLevel"
    }
  }
}