{
  "weather": {
    "nameJeedom": "Xiaomi Temperature Carre",
    "timeout": "60",
    "Categorie": {
      "heating": "1"
    },
    "configuration": {
      "uniqId": "5c07c766268f6",
      "icone": "XiaomiTemperatureCarre",
      "battery_type": "1x3V CR2032",
      "mainEP": "#EP#"
    },
    "Commandes": {
      "include1": "SW",
      "include2": "nom",
      "include3": "temperature",
      "include4": "humidite",
      "include5": "Batterie-Volt",
      "include6": "Batterie-Pourcent",
      "include7": "Xiaomi-ff01",
      "include8": "pression1",
      "include9": "pression",
      "include10": "pressionScale"
    }
  }
}