{
  "ClassicA60RGBW": {
    "nameJeedom": "Classic A60 RGB W",
    "timeout": "60",
    "Categorie": {
      "automatism": "1"
    },
    "configuration": {
      "uniqId": "5c07c766205c5",
      "icone": "OSRAMClassicA60RGBW",
      "mainEP": "#EP#",
      "defaultEP": "03",
      "poll": "1"
    },
    "Commandes": {
      "include1": "nom",
      "include2": "societe",
      "include3": "SW",
      "include4": "etatLight",
      "include8": "On",
      "include9": "Off",
      "include10": "Toggle",
      "include19": "getEtat",
      "include21": "getManufacturerName",
      "include22": "getModelIdentifier",
      "include23": "getSWBuild",
      "include24": "Identify",
      "include25": "Group-Membership",
      "include26": "BindToZigateEtat",
      "include28": "setReportEtat"
    }
  }
}