{
  "Connectedoutlet": {
    "nameJeedom": "Legrand Prise Connected Outlet",
    "timeout": "60",
    "Categorie": {
      "automatism": "1"
    },
    "configuration": {
      "uniqId": "5c07c7662067c",
      "icone": "Connectedoutlet",
      "mainEP": "#EP#"
    },
    "Commandes": {
      "include1": "nom",
      "include2": "societe",
      "include3": "SW",
      "include4": "etatLight",
      "include8": "On",
      "include9": "Off",
      "include10": "Toggle",
      "include19": "getEtat",
      "include21": "getManufacturerName",
      "include22": "getModelIdentifier",
      "include23": "getSWBuild",
      "include24": "Identify",
      "include25": "Group-Membership",
      "include26": "BindToZigateEtat",
      "include28": "setReportEtat",
      "include11": "conso",
      "include11 2": "consobis"
    }
  }
}