{
  "zigbeeNoncolorcontroller": {
    "nameJeedom": "zigbee Non color controller",
    "Categorie": {
      "light": "1"
    },
    "configuration": {
      "uniqId": "5c07c76667372",
      "icone": "zigbeeNoncolorcontroller",
      "lastCommunicationTimeOut": "-1",
      "mainEP": "#EP#"
    },
    "Commandes": {
      "include1": "offGroup",
      "include2": "toggleGroup",
      "include3": "onGroup",
      "include4": "downGroup",
      "include5": "upGroup",
      "include6": "setLevelGroup"
    }
  }
}