{
  "GLEDOPTO": {
    "nameJeedom": "GLEDOPTO",
    "timeout": "60",
    "Comment": "Dimmable GU10 5W 300lm",
    "Categorie": {
      "light": "1"
    },
    "configuration": {
      "uniqId": "5c07c76620820",
      "icone": "GLEDOPTO",
      "mainEP": "0B",
      "defaultEP": "0B",
      "poll": "1"
    },
    "Commandes": {
      "include1": "nom",
      "include2": "societe",
      "include3": "SW",
      "include4": "etat",
      "include5": "levelLight",
      "include6": "On",
      "include7": "Off",
      "include8": "Toggle",
      "include9": "Level",
      "include11": "getEtat",
      "include12": "getLevel",
      "include13": "getManufacturerName",
      "include14": "getModelIdentifier",
      "include15": "getSWBuild",
      "include16": "Identify",
      "include26": "setLevel",
      "include27": "Group-Membership",
      "include27 2": "Scene-Membership"
    }
  }
}