{
  "sensor_smoke": {
    "nameJeedom": "Xiaomi Smoke Sensor",
    "timeout": "60",
    "Categorie": {
      "security": "1"
    },
    "configuration": {
	"uniqId": "5c07c766265a9",
      "icone": "XiaomiSensorSmoke",
      "battery_type": "1x3V CR17345",
      "mainEP": "#EP#"
    },
    "Commandes": {
      "include1": "SW",
      "include2": "nom",
      "include3": "securitySafetySmoke",
      "include4": "Batterie-Volt",
      "include5": "Batterie-Pourcent",
      "include6": "Xiaomi-ff01",
      "include7": "setSmokeSensivityLow",
      "include8": "setSmokeSensivityMedium",
      "include9": "setSmokeSensivityHigh",
      "include10": "testSmoke"
    }
  }
}