{"data":[{"NeighbourTableEntries":"03","Index":"00","ExtendedPanId":"4c15418142d8f385","IEEE_Address":"00158d0002a8accc","Depth":"01","LinkQuality":"f0","BitmapOfAttributes":"1a","NE":"0000","NE_Name":"Ruche","Voisine":"f53e","Voisine_Name":"Abeille-f53e","Type":"End Device","Relationship":"Child","Rx":"Rx-Off","LinkQualityDec":240},{"NeighbourTableEntries":"03","Index":"01","ExtendedPanId":"4c15418142d8f385","IEEE_Address":"00158d0001b7b2a2","Depth":"01","LinkQuality":"b8","BitmapOfAttributes":"1a","NE":"0000","NE_Name":"Ruche","Voisine":"43ea","Voisine_Name":"Abeille-43ea","Type":"End Device","Relationship":"Child","Rx":"Rx-Off","LinkQualityDec":184},{"NeighbourTableEntries":"03","Index":"02","ExtendedPanId":"4c15418142d8f385","IEEE_Address":"00158d0001b922fd","Depth":"01","LinkQuality":"e7","BitmapOfAttributes":"1a","NE":"0000","NE_Name":"Ruche","Voisine":"823e","Voisine_Name":"Abeille-823e","Type":"End Device","Relationship":"Child","Rx":"Rx-Off","LinkQualityDec":231}]}