{
  "LTW001": {
    "nameJeedom": "Philips Hue white ambiance",
    "timeout": "60",
    "Categorie": {
      "light": "1"
    },
    "configuration": {
      "uniqId": "53f5576720b6b",
      "icone": "LTW001",
      "mainEP": "0B",
      "defaultEP": "0B",
      "poll": "1"
    },
    "Commandes": {
      "include1": "nom",
      "include2": "societe",
      "include3": "SW",
      "include4": "etatLight",
      "include5": "levelLight",
      "include8": "On",
      "include9": "Off",
      "include10": "Toggle",
      "include11": "setLevel",
      "include37": "2200K",
      "include38": "2700K",
      "include39": "4000K",
      "include40": "temperatureLight",
      "include40 2 2": "setTemperatureLight",
      "include19": "getEtat",
      "include20": "getLevel",
      "include21": "getManufacturerName",
      "include22": "getModelIdentifier",
      "include23": "getSWBuild",
      "include24": "Identify",
      "include25": "Group-Membership",
      "include26": "BindToZigateEtat",
      "include27": "BindToZigateLevel",
      "include28": "setReportEtat",
      "include29": "setReportLevel"
    }
  }
}