{
  "TRADFRIbulbE27Wopal1000lm2": {
    "nameJeedom": "IKEA Ampoule TRADFRI bulb E27 opal 1000lm2",
    "timeout": "60",
    "Categorie": {
      "light": "1"
    },
    "configuration": {
      "uniqId": "5c07c76620ef3",
      "icone": "IkeaTradfriBulbE27WOpal1000lm2",
      "mainEP": "#EP#"
    },
    "Commandes": {
      "include1": "nom",
      "include2": "societe",
      "include3": "SW",
      "include4": "etatLight",
      "include5": "levelLight",
      "include24": "Identify",
      "include11": "setLevel",
      "include8": "On",
      "include9": "Off",
      "include10": "Toggle",
      "include19": "getEtat",
      "include20": "getLevel",
      "include21": "getManufacturerName",
      "include22": "getModelIdentifier",
      "include23": "getSWBuild"
    }
  }
}