{
  "Plug01": {
    "nameJeedom": "OSRAM Prise Lightify",
    "Categorie": {
      "automatism": "1"
    },
    "configuration": {
      "uniqId": "5c07c76620aa8",
      "icone": "OsramLightify",
      "mainEP": "#EP#",
      "defaultEP": "03"
    },
    "Commandes": {
      "include1": "SW",
      "include2": "societe",
      "include3": "nom",
      "include4": "etat",
      "include5": "On",
      "include6": "Off",
      "include7": "Toggle",
      "include8": "getEtat",
      "include9": "getManufacturerName",
      "include10": "getModelIdentifier",
      "include23": "getSWBuild",
      "include24": "Identify",
      "include25": "Group-Membership",
      "include26": "BindToZigateEtat",
      "include28": "setReportEtat"
    }
  }
}