{
  "remote.b1acn01": {
    "nameJeedom": "Xiaomi Bouton Aqara 2 Copy",
    "battery_type": "1xCR2032",
    "Comment": "Bouton Carré V2 qui remonte le nom remote.b1acn01 alors qu il a la meme reference que sensor_switch.aq2",
    "timeout": "60",
    "Categorie": {
      "automatism": "1"
    },
    "configuration": {
      "uniqId": "5c07c76625efb",
      "icone": "XiaomiBouton",
      "battery_type": "1x3V CR2032",
      "mainEP": "#EP#"
    },
    "Commandes": {
      "include1": "SW",
      "include2": "nom",
      "include3": "etatSwitchXiaomiCarre",
      "include4": "multi",
      "include5": "Batterie-Volt",
      "include6": "Batterie-Pourcent",
      "include7": "Xiaomi-ff01"
    }
  }
}