{
  "TRADFRIremotecontrol": {
    "nameJeedom": "IKEA TRADFRI Rond 5 Boutons Remote Control",
    "timeout": "60",
    "Categorie": {
      "light": "1"
    },
    "configuration": {
	"uniqId": "5c07c76621272",
      "icone": "IkeaTradfri5BtnRond",
      "battery_type": "1x3V CR2032",
      "lastCommunicationTimeOut": "-1",
      "mainEP": "#EP#"
    },
    "Commandes": {
      "include1": "offGroup",
      "include2": "toggleGroup",
      "include3": "onGroup",
      "include4": "downGroup",
      "include5": "upGroup",
      "include6": "setLevelGroup",
      "include7": "sceneGroupRecall",
      "include8": "Batterie-Pourcent-Ikea",
      "include9": "getBattery",
      "include10": "BindShortToZigateBatterie",
      "include11": "setReportBatterie"
    }
  }
}