{
  "FlexRGBW": {
    "nameJeedom": "Flex RGBW OSRAM",
    "timeout": "60",
    "Categorie": {
      "light": "1"
    },
    "configuration": {
      "uniqId": "6547c886278a7",
      "icone": "FlexRGBW",
      "mainEP": "03",
      "defaultEP": "03",
      "poll": "1"
    },
    "Commandes": {
      "include1": "nom",
      "include2": "societe",
      "include3": "SW",
      "include4": "etatLight",
      "include5": "levelLight",
      "include6 2": "colorX",
      "include7 2": "colorY",
      "include6": "On",
      "include7": "Off",
      "include8": "Toggle",
      "include11 2": "setLevel",
      "include12 2": "Colour",
      "include13 2": "Blanc",
      "include14 2": "Bleu",
      "include15 2": "Rouge",
      "include16 2": "Vert",
      "include17 2": "getColorX",
      "include18 2": "getColorY",
      "include11": "getEtat",
      "include12": "getLevel",
      "include13": "getManufacturerName",
      "include14": "getModelIdentifier",
      "include15": "getSWBuild",
      "include16": "Identify",
      "include25": "Group-Membership",
      "include26": "BindToZigateEtat",
      "include27": "BindToZigateLevel",
      "include28": "setReportEtat",
      "include29": "setReportLevel",
      "include12 2 2": "ColourRGB",
      "include30": "setColourRGB",
      "include30 2": "setRGB",
      "include31": "colorRouge",
      "include32": "setRouge",
      "include33": "colorVert",
      "include34": "setVert",
      "include35": "colorBleu",
      "include36": "setBleu"
    }
  }
}