{
  "sensor_magnet.aq2": {
    "nameJeedom": "Xiaomi Door Sensor Aqara 2",
    "timeout": "60",
    "Categorie": {
      "security": "1"
    },
    "configuration": {
	"uniqId": "5c07c7662639b",
      "icone": "XiaomiPorte",
      "battery_type": "1x3V CR2032",
      "mainEP": "#EP#"
    },
    "Commandes": {
      "include1": "SW",
      "include2": "nom",
      "include3": "etatDoor",
      "include4": "Batterie-Volt",
      "include5": "Batterie-Pourcent",
      "include6": "Xiaomi-ff01"
    }
  }
}