{
  "BindToZigateButton": {
    "isVisible": 0,
    "name": "BindToZigateButton",
    "order": 13,
    "isHistorized": "0",
    "Type": "action",
    "subType": "other",
    "invertBinary": "0",
    "template": "",
    "configuration": {
      "uniqId": "5c07cdd621802",
      "topic": "bindShort",
      "request": "targetExtendedAddress=#addrIEEE#&targetEndpoint=02&ClusterId=FC00&reportToAddress=#ZiGateIEEE#",
      "visibilityCategory": "Network"
    },
    "display": {
      "forceReturnLineAfter": "1"
    }
  }
}