{
  "BindShortToZigateBatterie": {
    "isVisible": 0,
    "name": "BindShortToZigateBatterie",
    "order": 13,
    "isHistorized": "0",
    "Type": "action",
    "subType": "other",
    "invertBinary": "0",
    "template": "",
    "configuration": {
      "uniqId": "5c07c76621802",
      "topic": "bindShort",
      "request": "targetExtendedAddress=#addrIEEE#&targetEndpoint=01&ClusterId=0001&reportToAddress=#ZiGateIEEE#",
      "visibilityCategory": "Network"
    },
    "display": {
      "forceReturnLineAfter": "1"
    }
  }
}