{
  "BindToZigateEtat": {
    "Comment": "Used to bind the device to zigate",
    "isVisible": 0,
    "name": "BindToZigateEtat",
    "order": 27,
    "isHistorized": "0",
    "Type": "action",
    "subType": "other",
    "invertBinary": "0",
    "template": "",
    "configuration": {
      "uniqId": "5c07c7662188f",
      "topic": "bindShort",
      "request": "targetExtendedAddress=#addrIEEE#&targetEndpoint=#EP#&ClusterId=0006&reportToAddress=#ZiGateIEEE#",
      "visibilityCategory": "Network"
    }
  }
}