{
  "BindToZigateLevel": {
    "Comment": "Used to bind the device to zigate",
    "isVisible": 0,
    "name": "BindToZigateLevel",
    "order": 28,
    "isHistorized": "0",
    "Type": "action",
    "subType": "other",
    "invertBinary": "0",
    "template": "",
    "configuration": {
      "uniqId": "5c07c76621916",
      "topic": "bindShort",
      "request": "targetExtendedAddress=#addrIEEE#&targetEndpoint=#EP#&ClusterId=0008&reportToAddress=#ZiGateIEEE#",
      "visibilityCategory": "Network"
    }
  }
}