{
  "fc00-02-0001-Event": {
    "isVisible": 1,
    "name": "EventButtonI",
    "order": 3,
    "isHistorized": "1",
    "Type": "info",
    "subType": "string",
    "generic_type": "",
    "invertBinary": "0",
    "template": "",
    "configuration": {
      "uniqId": "5c67896623220",
      "repeatEventManagement": "always",
      "visibilityCategory": "All"
    }
  },
  "fc00-02-0001-Duree": {
    "isVisible": 1,
    "name": "DureeButtonI",
    "order": 3,
    "isHistorized": "1",
    "Type": "info",
    "subType": "string",
    "generic_type": "",
    "invertBinary": "0",
    "template": "",
    "configuration": {
      "uniqId": "5c67896623221",
      "repeatEventManagement": "always",
      "visibilityCategory": "All"
    }
  },
  "fc00-02-0002-Event": {
    "isVisible": 1,
    "name": "EventButtonLumPlus",
    "order": 3,
    "isHistorized": "1",
    "Type": "info",
    "subType": "string",
    "generic_type": "",
    "invertBinary": "0",
    "template": "",
    "configuration": {
      "uniqId": "5c67346623220",
      "repeatEventManagement": "always",
      "visibilityCategory": "All"
    }
  },
  "fc00-02-0002-Duree": {
    "isVisible": 1,
    "name": "DureeButtonLumPlus",
    "order": 3,
    "isHistorized": "1",
    "Type": "info",
    "subType": "string",
    "generic_type": "",
    "invertBinary": "0",
    "template": "",
    "configuration": {
      "uniqId": "5c67346623222",
      "repeatEventManagement": "always",
      "visibilityCategory": "All"
    }
  },
  "fc00-02-0003-Event": {
    "isVisible": 1,
    "name": "EventButtonLumMoins",
    "order": 3,
    "isHistorized": "1",
    "Type": "info",
    "subType": "string",
    "generic_type": "",
    "invertBinary": "0",
    "template": "",
    "configuration": {
      "uniqId": "5c67896863220",
      "repeatEventManagement": "always",
      "visibilityCategory": "All"
    }
  },
  "fc00-02-0003-Duree": {
    "isVisible": 1,
    "name": "DureeButtonLumMoins",
    "order": 3,
    "isHistorized": "1",
    "Type": "info",
    "subType": "string",
    "generic_type": "",
    "invertBinary": "0",
    "template": "",
    "configuration": {
      "uniqId": "5c67896863223",
      "repeatEventManagement": "always",
      "visibilityCategory": "All"
    }
  },
  "fc00-02-0004-Event": {
    "isVisible": 1,
    "name": "EventButtonO",
    "order": 3,
    "isHistorized": "1",
    "Type": "info",
    "subType": "string",
    "generic_type": "",
    "invertBinary": "0",
    "template": "",
    "configuration": {
      "uniqId": "5aa7896623220",
      "repeatEventManagement": "always",
      "visibilityCategory": "All"
    }
  },
  "fc00-02-0004-Duree": {
    "isVisible": 1,
    "name": "DureeButtonO",
    "order": 3,
    "isHistorized": "1",
    "Type": "info",
    "subType": "string",
    "generic_type": "",
    "invertBinary": "0",
    "template": "",
    "configuration": {
      "uniqId": "5aa7896623224",
      "repeatEventManagement": "always",
      "visibilityCategory": "All"
    }
  }
}