{
  "0012-02-0055": {
    "isVisible": 1,
    "name": "Mouvement",
    "order": 2,
    "isHistorized": "0",
    "Type": "info",
    "subType": "string",
    "invertBinary": "0",
    "template": "",
    "configuration": {
	"uniqId": "5c07c76622fb2",
      "visibilityCategory": "All"
    }
  },
  "000C-03-0055": {
    "isVisible": 1,
    "name": "Rotation (Angle ?)",
    "order": 4,
    "isHistorized": "0",
    "Type": "info",
    "subType": "string",
    "invertBinary": "0",
    "template": "",
    "configuration": {
	"uniqId": "5c07c76622fb2",
      "visibilityCategory": "All"
    }
  },
  "000C-03-ff05": {
    "isVisible": 1,
    "name": "Rotation (?)",
    "order": 3,
    "isHistorized": "0",
    "Type": "info",
    "subType": "string",
    "invertBinary": "0",
    "template": "",
    "configuration": {
	"uniqId": "5c07c76622fb2",
      "visibilityCategory": "All"
    }
  }
}