{
  "0012-02-0055": {
    "isVisible": 0,
    "name": "Mouvement",
    "order": 2,
    "isHistorized": "0",
    "Type": "info",
    "subType": "string",
    "invertBinary": "0",
    "template": "",
    "configuration": {
      "uniqId": "5c07c76623071",
      "visibilityCategory": "All"
    }
  },
  "000c-03-ff05": {
    "isVisible": 1,
    "name": "Rotation (?)",
    "order": 3,
    "isHistorized": "0",
    "Type": "info",
    "subType": "string",
    "invertBinary": "0",
    "template": "",
    "configuration": {
      "uniqId": "5c07c76623071",
      "visibilityCategory": "All"
    }
  }
}