{
  "0012-01-0055": {
    "isVisible": 1,
    "name": "etat1",
    "order": 2,
    "isHistorized": "1",
    "Type": "info",
    "subType": "binary",
    "invertBinary": "0",
    "template": "",
    "configuration": {
      "uniqId": "5c07c76e237ef",
      "AbeilleRejectValue": "0",
      "returnStateValue": "0",
      "returnStateTime": "1",
      "repeatEventManagement": "always",
      "visibilityCategory": "All"
    }
  },
  "0012-02-0055": {
    "isVisible": 1,
    "name": "etat2",
    "order": 3,
    "isHistorized": "1",
    "Type": "info",
    "subType": "binary",
    "invertBinary": "0",
    "template": "",
    "configuration": {
      "uniqId": "5c07c76e237ef",
      "repeatEventManagement": "always",
      "returnStateTime": "1",
      "returnStateValue": "0",
      "AbeilleRejectValue": "0",
      "visibilityCategory": "All"
    }
  },
  "0012-03-0055": {
    "isVisible": 1,
    "name": "etat3",
    "order": 4,
    "isHistorized": "1",
    "Type": "info",
    "subType": "binary",
    "invertBinary": "0",
    "template": "",
    "configuration": {
      "uniqId": "5c07ce66237ef",
      "repeatEventManagement": "always",
      "returnStateTime": "1",
      "returnStateValue": "0",
      "AbeilleRejectValue": "0",
      "visibilityCategory": "All"
    }
  }
}