{
  "0006-#EP#-0000": {
    "isVisible": 1,
    "name": "etat1",
    "order": 2,
    "isHistorized": "1",
    "Type": "info",
    "subType": "binary",
    "invertBinary": "0",
    "template": "",
    "configuration": {
	"uniqId": "5c07c766237ef",
      "AbeilleRejectValue": "0",
      "returnStateValue": "0",
      "returnStateTime": "1",
      "repeatEventManagement": "always",
      "visibilityCategory": "All"
    }
  },
  "0006-02-0000": {
    "isVisible": 1,
    "name": "etat2",
    "order": 3,
    "isHistorized": "1",
    "Type": "info",
    "subType": "binary",
    "invertBinary": "0",
    "template": "",
    "configuration": {
	"uniqId": "5c07c766237ef",
      "repeatEventManagement": "always",
      "returnStateTime": "1",
      "returnStateValue": "0",
      "AbeilleRejectValue": "0",
      "visibilityCategory": "All"
    }
  },
  "0006-03-0000": {
    "isVisible": 1,
    "name": "etat3",
    "order": 4,
    "isHistorized": "1",
    "Type": "info",
    "subType": "binary",
    "invertBinary": "0",
    "template": "",
    "configuration": {
	"uniqId": "5c07c766237ef",
      "repeatEventManagement": "always",
      "returnStateTime": "1",
      "returnStateValue": "0",
      "AbeilleRejectValue": "0",
      "visibilityCategory": "All"
    }
  }
}