{
  "0405-#EP#-0000": {
    "isVisible": 1,
    "name": "Humidite",
    "order": 3,
    "isHistorized": "1",
    "Type": "info",
    "subType": "numeric",
    "generic_type": "HUMIDITY",
    "invertBinary": "0",
    "template": "hydro3IMG",
    "unite": "%",
    "configuration": {
	"uniqId": "5c07c76623fbe",
      "calculValueOffset": "#value#/100",
      "historizeRound": "0",
      "visibilityCategory": "All",
      "topic": "0405-#EP#-0000"
    },
    "display": {
      "forceReturnLineAfter": "1"
    }
  }
}