{
  "0008-#EP#-0000": {
    "isVisible": 1,
    "name": "Level",
    "order": 4,
    "isHistorized": "1",
    "Type": "info",
    "subType": "numeric",
    "generic_type": "LIGHT_STATE",
    "invertBinary": "0",
    "template": "",
    "unite": "%",
    "configuration": {
	"uniqId": "5c07c7662403e",
      "minValue": "0",
      "maxValue": "100",
      "historizeRound": "0",
      "calculValueOffset": "#value#/255*100",
      "visibilityCategory": "All"
    },
    "display": {
      "forceReturnLineAfter": "1"
    }
  }
}