{
  "0403-01-0010": {
    "isVisible": 1,
    "name": "Pression",
    "order": 5,
    "isHistorized": "1",
    "Type": "info",
    "subType": "numeric",
    "generic_type": "WEATHER_PRESSURE",
    "invertBinary": "0",
    "template": "barometre",
    "unite": "hPa",
    "display": {
      "forceReturnLineAfter": "1"
    },
    "configuration": {
      "uniqId": "5c07c766247fc",
      "calculValueOffset": "#value#/10",
      "historizeRound": "1",
      "visibilityCategory": "All",
      "topic": "0403-01-0010"
    }
  }
}