{
  "Sc1": {
    "name": "Sc1",
    "order": 6,
    "isVisible": 1,
    "isHistorized": "0",
    "Type": "action",
    "subType": "other",
    "invertBinary": "0",
    "template": "",
    "configuration": {
      "uniqId": "5c07c76624a3e",
      "topic": "CmdAbeille/Ruche/sceneGroupRecall",
      "request": "groupID=#addrGroup#&sceneID=00",
      "visibilityCategory": "All"
    },
    "display": {
      "forceReturnLineAfter": "0"
    }
  },
  "Sc2": {
    "name": "Sc2",
    "order": 7,
    "isVisible": 1,
    "isHistorized": "0",
    "Type": "action",
    "subType": "other",
    "invertBinary": "0",
    "template": "",
    "configuration": {
      "uniqId": "5c07c76624a3e",
      "topic": "CmdAbeille/Ruche/sceneGroupRecall",
      "request": "groupID=#addrGroup#&sceneID=01",
      "visibilityCategory": "All"
    },
    "display": {
      "forceReturnLineAfter": "0"
    }
  },
  "Sc3": {
    "name": "Sc3",
    "order": 8,
    "isVisible": 1,
    "isHistorized": "0",
    "Type": "action",
    "subType": "other",
    "invertBinary": "0",
    "template": "",
    "configuration": {
      "uniqId": "5c07c76624a3e",
      "topic": "CmdAbeille/Ruche/sceneGroupRecall",
      "request": "groupID=#addrGroup#&sceneID=02",
      "visibilityCategory": "All"
    },
    "display": {
      "forceReturnLineAfter": "1"
    }
  }
}