{
  "setTemperatureLight": {
    "isVisible": 1,
    "name": "setTemperatureLight",
    "order": 14,
    "isHistorized": "0",
    "Type": "action",
    "subType": "slider",
    "generic_type": "LIGHT_SET_COLOR_TEMP",
    "invertBinary": "0",
    "template": "",
    "configuration": {
      "uniqId": "5c07c766254a4",
      "topic": "setTemperature",
      "request": "EP=#EP#&slider=#slider#",
      "minValue": "2200",
      "maxValue": "4000",
      "visibilityCategory": "All"
    },
    "display": {
      "forceReturnLineAfter": "1"
    }
  }
}