{
  "vibration.aq1": {
    "nameJeedom": "Xiaomi Vibration",
    "timeout": "60",
    "Categorie": {
      "security": "1"
    },
    "configuration": {
	"uniqId": "5c07c766267df",
      "icone": "XiaomiVibration",
      "battery_type": "1x3V CR2032",
      "mainEP": "#EP#"
    },
    "Commandes": {
      "include1": "SW",
      "include2": "nom",
      "include3": "vibrationType",
      "include4": "vibrationAngle",
      "include5": "setVibrationSensivityLow",
      "include6": "setVibrationSensivityMedium",
      "include7": "setVibrationSensivityHigh",
      "include8": "Batterie-Volt",
      "include9": "Batterie-Pourcent",
      "include10": "Xiaomi-ff01",
      "include11": "getSWBuild",
      "include12": "getManufacturerName",
      "include13": "societe",
      "include14": "getModelIdentifier"
    }
  }
}