{
  "sensor_wleak.aq1": {
    "nameJeedom": "Xiaomi Inondation Aqara",
    "battery_type": "1x3V CR2032",
    "timeout": "60",
    "Categorie": {
      "security": "1"
    },
    "configuration": {
	"uniqId": "5c07c7662672a",
      "icone": "Xiaomiwleak_aq1",
      "battery_type": "1x3V CR2032",
      "mainEP": "#EP#"
    },
    "Commandes": {
      "include1": "SW",
      "include2": "nom",
      "include3": "etatFlood",
      "include4": "Batterie-Volt",
      "include5": "Batterie-Pourcent",
      "include6": "Xiaomi-ff01"
    }
  }
}