{
  "sensor_86sw2": {
    "nameJeedom": "Xiaomi Interrupteur Mural Carré Double",
    "timeout": "60",
    "Commentaire": "Remonte le nom lumi.sensor_86sw2 apres association et lumi.sensor_86sw2Un sur un getName EP 01  donc les deux fichiers doivent être identiques.",
    "Categorie": {
      "automatism": "1"
    },
    "configuration": {
      "uniqId": "5c07c7662614e",
      "icone": "XiaomiButtonSW861",
      "battery_type": "1x3V CR2032",
      "mainEP": "#EP#"
    },
    "Commandes": {
      "include1": "SW",
      "include2": "societe",
      "include3": "nom",
      "include4": "etatSwitchDouble",
      "include4 2": "Batterie-Volt",
      "include5": "Batterie-Pourcent",
      "include6": "Xiaomi-ff01"
    }
  }
}