{
  "LCT001": {
    "Nom": "Hue bulb A19",
    "Type": "0x0210 (Extended Color Light)"
  },
  "LCT007": {
    "Nom": "Hue bulb A19",
    "Type": "0x0210 (Extended Color Light)"
  },
  "LCT002": {
    "Nom": "Hue Spot BR30",
    "Type": "0x0210 (Extended Color Light)"
  },
  "LCT003": {
    "Nom": "Hue Spot GU10",
    "Type": "0x0210 (Extended Color Light)"
  },
  "LST001": {
    "Nom": "Hue LightStrips",
    "Type": "0x0200 (Color Light)"
  },
  "LST002": {
    "Nom": "Hue LightStrips Plus",
    "Type": "0x0210 (Extended Color Light)"
  },
  "LLC010": {
    "Nom": "Hue Living Colors Iris",
    "Type": "0x0200 (Color Light)"
  },
  "LLC011": {
    "Nom": "Hue Living Colors Bloom",
    "Type": "0x0200 (Color Light)"
  },
  "LLC012": {
    "Nom": "Hue Living Colors Bloom",
    "Type": "0x0200 (Color Light)"
  },
  "LLC006": {
    "Nom": "Hue Living Colors Gen3 Iris",
    "Type": "0x0200 (Color Light)"
  },
  "LLC007": {
    "Nom": "Hue Living Colors Gen3 Bloom Aura",
    "Type": "0x0200 (Color Light)"
  },
  "LLC013": {
    "Nom": "Hue Disney Living Colors",
    "Type": "0x0200 (Color Light)"
  },
  "LWB004": {
    "Nom": "Hue A19 Lux",
    "Type": "0x0100 (Dimmable Light)"
  },
  "LWB006": {
    "Nom": "Hue A19 Lux",
    "Type": "0x0100 (Dimmable Light)"
  },
  "LWB007": {
    "Nom": "Hue A19 Lux",
    "Type": "0x0100 (Dimmable Light)"
  },
  "LTW001": {
    "Nom": "Hue A19 White Ambience",
    "Type": "0x0220 (Color Temperature Light)"
  },
  "LLC020": {
    "Nom": "Hue Go",
    "Type": "0x0210 (Extended Color Light)"
  },
  "HBL001": {
    "Nom": "Hue Beyond Table",
    "Type": "0x0210 (Extended Color Light)"
  },
  "HBL002": {
    "Nom": "Hue Beyond Pendant",
    "Type": "0x0210 (Extended Color Light)"
  },
  "HBL003": {
    "Nom": "Hue Beyond Ceiling",
    "Type": "0x0210 (Extended Color Light)"
  },
  "HEL001": {
    "Nom": "Hue Entity Table",
    "Type": "0x0210 (Extended Color Light)"
  },
  "HEL002": {
    "Nom": "Hue Entity Pendant",
    "Type": "0x0210 (Extended Color Light)"
  },
  "HIL001": {
    "Nom": "Hue Impulse Table",
    "Type": "0x0210 (Extended Color Light)"
  },
  "HIL002": {
    "Nom": "Hue Impulse Pendant",
    "Type": "0x0210 (Extended Color Light)"
  },
  "HML001": {
    "Nom": "Hue Phoenix Centerpiece",
    "Type": "0x0220 (Color Temperature Light)"
  },
  "HML002": {
    "Nom": "Hue Phoenix Ceiling",
    "Type": "0x0220 (Color Temperature Light)"
  },
  "HML003": {
    "Nom": "Hue Phoenix Pendant",
    "Type": "0x0220 (Color Temperature Light)"
  },
  "HML004": {
    "Nom": "Hue Phoenix Wall",
    "Type": "0x0220 (Color Temperature Light)"
  },
  "HML005": {
    "Nom": "Hue Phoenix Table",
    "Type": "0x0220 (Color Temperature Light)"
  },
  "HML007": {
    "Nom": "Hue Phoenix Downlight",
    "Type": "0x0220 (Color Temperature Light)"
  }
}