{
  "0x0000": "General: Basic",
  "0x0001": "General: Power Config",
  "0x0002": "General: Temperature Config",
  "0x0003": "General: Identify",
  "0x0004": "General: Groups",
  "0x0005": "General: Scenes",
  "0x0006": "General: On/Off",
  "0x0007": "General: On/Off Config",
  "0x0008": "General: Level Control",
  "0x0009": "General: Alarms",
  "0x000A": "General: Time",
  "0x000B": "General: RSSI Location",
  "0x000F": "General: Binary Input Basic",
  "0x0020": "General: Poll Control",
  "0x0019": "General: OTA",
  "0x0100": "Closures: Shade Configuration",
  "0x0101": "General: Door Lock",
  "0x0201": "HVAC: Thermostat",
  "0x0202": "HVAC: Fan Control",
  "0x0300": "Lighting: Color Control",
  "0x0301": "Lighting: Ballast Configuration",
  "0x0400": "Measurement: Illuminance",
  "0x0402": "Measurement: Temperature",
  "0x0403": "Measurement: Pression atmosphérique",
  "0x0404": "Measurement: Flow Measurement",
  "0x0405": "Measurement: Humidity",
  "0x0406": "Measurement: Occupancy Sensing",
  "0x0500": "Security & Safety: IAS Zone",
  "0x0501": "Security & Safety: IAS ACE",
  "0x0502": "Security & Safety: IAS WD",
  "0x0702": "Smart Energy: Metering",
  "0x0B05": "Misc: Diagnostics",
  "0x1000": "ZLL: Commissioning",
  "0xFF01": "Xiaomi private",
  "0xFF02": "Xiaomi private"
}