{
  "sensor_cube.aqgl01": {
    "nameJeedom": "Xiaomi Cube",
    "timeout": "60",
    "Categorie": {
      "automatism": "1"
    },
    "configuration": {
      "uniqId": "5c07c7662623b",
      "icone": "sensor_cube",
      "battery_type": "1x3V CR2032 (?)",
      "mainEP": "#EP#",
      "defaultEP": "01"
    },
    "Commandes": {
      "include1": "SW",
      "include2": "nom",
      "include3": "cube",
      "include4": "Batterie-Volt",
      "include5": "Batterie-Pourcent",
      "include6": "Xiaomi-ff01"
    }
  }
}